state,district,latitude,longitude
Andaman and Nicobar Islands,Nicobars,12.61,92.83
Andaman and Nicobar Islands,North And Middle Andaman,12.91,92.9
Andaman and Nicobar Islands,South Andamans,12.61,92.83
Andhra Pradesh,Alluri Sitharama Raju,18.14,82.69
Andhra Pradesh,Anakapalli,17.68,83.0
Andhra Pradesh,Ananthapuramu,14.01,78.41
Andhra Pradesh,Annamayya,14.08,78.75
Andhra Pradesh,Bapatla,15.9,80.46
Andhra Pradesh,Chittoor,13.21,79.09
Andhra Pradesh,Dr. B.R. Ambedkar Konaseema,16.42,81.97
Andhra Pradesh,East Godavari,16.99,81.71
Andhra Pradesh,Eluru,16.71,81.09
Andhra Pradesh,Guntur,16.29,80.43
Andhra Pradesh,Kakinada,16.98,82.24
Andhra Pradesh,Krishna,16.21,81.02
Andhra Pradesh,Kurnool,15.83,78.04
Andhra Pradesh,Nandyal,15.46,78.48
Andhra Pradesh,Ntr,16.51,80.66
Andhra Pradesh,Palnadu,16.32,79.69
Andhra Pradesh,Parvathipuram Manyam,18.75,83.54
Andhra Pradesh,Prakasam,16.51,80.63
Andhra Pradesh,Sri Potti Sriramulu Nellore,14.55,79.72
Andhra Pradesh,Sri Sathya Sai,16.47,80.7
Andhra Pradesh,Srikakulam,18.31,83.89
Andhra Pradesh,Tirupati,13.61,79.45
Andhra Pradesh,Visakhapatnam,17.73,83.31
Andhra Pradesh,Vizianagaram,18.11,83.38
Andhra Pradesh,West Godavari,16.99,81.71
Andhra Pradesh,Y.S.R. Kadapa,14.46,78.82
Arunachal Pradesh,Anjaw,28.15,96.84
Arunachal Pradesh,Changlang,27.13,95.73
Arunachal Pradesh,Dibang Valley,28.79,95.91
Arunachal Pradesh,East Kameng,27.35,93.04
Arunachal Pradesh,East Siang,28.07,95.41
Arunachal Pradesh,Kra Daadi,27.96,93.76
Arunachal Pradesh,Kurung Kumey,27.98,93.15
Arunachal Pradesh,Lohit,28.0,96.24
Arunachal Pradesh,Longding,26.99,95.5
Arunachal Pradesh,Lower Dibang Valley,28.14,95.84
Arunachal Pradesh,Lower Subansiri,27.53,93.81
Arunachal Pradesh,Namsai,27.71,96.01
Arunachal Pradesh,Papum Pare,27.07,93.64
Arunachal Pradesh,Shi Yomi,28.68,94.23
Arunachal Pradesh,Siang,28.17,94.79
Arunachal Pradesh,Tawang,27.67,91.93
Arunachal Pradesh,Tirap,26.99,95.5
Arunachal Pradesh,Upper Siang,28.64,95.02
Arunachal Pradesh,Upper Subansiri,27.98,94.21
Arunachal Pradesh,West Kameng,27.26,92.42
Arunachal Pradesh,West Siang,28.17,94.79
Assam,Bajali,26.54,91.16
Assam,Baksa,26.62,91.33
Assam,Barpeta,26.34,91.03
Assam,Biswanath,26.79,93.35
Assam,Bongaigaon,26.48,90.55
Assam,Cachar,24.82,92.79
Assam,Charaideo,27.02,95.01
Assam,Chirang,26.64,90.62
Assam,Darrang,26.43,92.0
Assam,Dhemaji,27.59,94.71
Assam,Dhubri,26.13,90.12
Assam,Dibrugarh,27.48,94.9
Assam,Dima Hasao,25.16,93.01
Assam,Goalpara,26.04,90.6
Assam,Golaghat,26.53,93.96
Assam,Hailakandi,24.5,92.62
Assam,Hojai,25.98,92.92
Assam,Jorhat,26.75,94.2
Assam,Kamrup,26.2,91.67
Assam,Kamrup Metro,26.12,91.97
Assam,Karbi Anglong,26.07,93.45
Assam,Kokrajhar,26.39,90.26
Assam,Lakhimpur,27.23,94.1
Assam,Majuli,27.01,94.27
Assam,Marigaon,26.25,92.34
Assam,Nagaon,26.34,92.68
Assam,Nalbari,26.35,91.39
Assam,Sivasagar,26.98,94.63
Assam,Sonitpur,26.76,92.7
Assam,South Salmara Mancachar,25.76,89.89
Assam,Sribhumi,24.5,92.62
Assam,Tinsukia,27.48,95.35
Assam,Udalguri,26.7,92.04
Assam,West Karbi Anglong,25.85,92.58
Bihar,Araria,26.26,87.36
Bihar,Arwal,25.18,84.65
Bihar,Aurangabad,24.75,84.36
Bihar,Banka,26.02,87.6
Bihar,Begusarai,25.51,86.08
Bihar,Bhagalpur,25.28,87.13
Bihar,Bhojpur,26.26,87.52
Bihar,Buxar,25.5,84.1
Bihar,Darbhanga,26.08,86.03
Bihar,Gaya,25.19,84.98
Bihar,Gopalganj,26.42,84.37
Bihar,Jamui,24.75,86.3
Bihar,Jehanabad,25.19,84.98
Bihar,Kaimur (Bhabua),25.05,83.6
Bihar,Katihar,25.55,87.64
Bihar,Khagaria,25.5,86.47
Bihar,Kishanganj,26.29,87.94
Bihar,Lakhisarai,25.15,86.17
Bihar,Madhepura,25.92,86.79
Bihar,Madhubani,26.35,86.22
Bihar,Munger,25.37,86.46
Bihar,Muzaffarpur,26.14,85.33
Bihar,Nalanda,25.2,85.52
Bihar,Nawada,24.81,85.51
Bihar,Pashchim Champaran,27.0,84.5
Bihar,Patna,25.62,85.14
Bihar,Purbi Champaran,26.64,84.9
Bihar,Purnia,25.76,87.46
Bihar,Rohtas,24.93,84.01
Bihar,Saharsa,25.88,86.59
Bihar,Samastipur,25.86,85.77
Bihar,Saran,25.92,84.77
Bihar,Sheikhpura,25.12,85.81
Bihar,Sheohar,26.49,85.27
Bihar,Sitamarhi,26.59,85.5
Bihar,Siwan,26.13,84.39
Bihar,Supaul,26.27,86.79
Bihar,Vaishali,25.69,85.22
Chandigarh,Chandigarh,30.73,76.77
Chhattisgarh,Balod,21.66,82.14
Chhattisgarh,Balodabazar-Bhatapara,21.66,82.14
Chhattisgarh,Balrampur-Ramanujganj,23.61,83.61
Chhattisgarh,Bastar,20.26,81.49
Chhattisgarh,Bemetara,21.7,81.53
Chhattisgarh,Bijapur,18.79,80.81
Chhattisgarh,Bilaspur,22.07,82.15
Chhattisgarh,Dakshin Bastar Dantewada,19.25,81.25
Chhattisgarh,Dhamtari,20.7,81.53
Chhattisgarh,Durg,21.18,81.27
Chhattisgarh,Gariyaband,20.52,82.19
Chhattisgarh,Gaurela-Pendra-Marwahi,22.83,81.95
Chhattisgarh,Janjgir-Champa,22.0,82.59
Chhattisgarh,Jashpur,22.88,84.13
Chhattisgarh,Kabeerdham,22.11,81.24
Chhattisgarh,Kondagaon,19.56,81.67
Chhattisgarh,Korba,22.36,82.74
Chhattisgarh,Korea,22.51,82.63
Chhattisgarh,Mahasamund,21.11,82.07
Chhattisgarh,Mohla-Manpur-Ambagarh Chouki,20.49,80.8
Chhattisgarh,Mungeli,22.06,81.68
Chhattisgarh,Narayanpur,19.72,81.23
Chhattisgarh,Raigarh,21.89,83.39
Chhattisgarh,Raipur,21.23,81.64
Chhattisgarh,Rajnandgaon,21.1,81.03
Chhattisgarh,Sukma,18.38,81.65
Chhattisgarh,Sukma,18.38,81.65
Chhattisgarh,Surajpur,23.2,82.88
Dadra and Nagar Haveli and Daman and Diu,Dadra And Nagar Haveli,20.41,72.83
Dadra and Nagar Haveli and Daman and Diu,Daman,20.41,72.83
Dadra and Nagar Haveli and Daman and Diu,Diu,20.41,72.88
Delhi,Central,28.64,77.24
Delhi,East,28.61,77.3
Delhi,New Delhi,19.06,72.92
Delhi,North,28.72,77.16
Delhi,North East,28.69,77.27
Delhi,North West,28.7,77.14
Delhi,South,28.53,77.28
Delhi,South East,28.53,77.28
Delhi,South West,28.59,76.9
Delhi,West,28.63,77.07
Goa,North Goa,15.49,73.82
Goa,South Goa,15.29,73.95
Gujarat,Ahmedabad,23.04,72.57
Gujarat,Amreli,21.41,71.24
Gujarat,Anand,22.47,72.73
Gujarat,Arvalli,22.04,71.66
Gujarat,Banas Kantha,24.26,72.53
Gujarat,Bharuch,21.7,72.99
Gujarat,Bhavnagar,21.76,72.13
Gujarat,Botad,22.04,71.66
Gujarat,Chhotaudepur,22.04,71.66
Gujarat,Dahod,22.91,74.13
Gujarat,Dangs,20.75,73.75
Gujarat,Devbhumi Dwarka,22.24,68.96
Gujarat,Gandhinagar,23.23,72.66
Gujarat,Gir Somnath,20.92,70.76
Gujarat,Jamnagar,22.09,69.27
Gujarat,Junagadh,21.52,70.46
Gujarat,Kachchh,23.24,69.66
Gujarat,Kheda,22.74,72.68
Gujarat,Mahesana,23.6,72.39
Gujarat,Mahisagar,23.19,73.66
Gujarat,Morbi,22.8,70.88
Gujarat,Narmada,21.73,73.62
Gujarat,Navsari,20.76,72.87
Gujarat,Panch Mahals,23.0,74.0
Gujarat,Patan,23.85,72.13
Gujarat,Porbandar,21.63,69.66
Gujarat,Rajkot,22.3,70.8
Gujarat,Sabar Kantha,24.02,73.04
Gujarat,Surat,21.2,72.83
Gujarat,Surendranagar,22.72,71.64
Gujarat,Tapi,21.21,73.39
Gujarat,Vadodara,22.3,73.16
Gujarat,Valsad,20.43,73.14
Haryana,Ambala,30.38,76.77
Haryana,Bhiwani,28.8,76.14
Haryana,Charkhi Dadri,28.59,76.27
Haryana,Faridabad,28.35,77.27
Haryana,Fatehabad,29.53,75.57
Haryana,Gurugram,28.44,77.03
Haryana,Hisar,29.16,75.71
Haryana,Jhajjar,28.59,76.65
Haryana,Jind,29.31,76.31
Haryana,Kaithal,29.79,76.39
Haryana,Karnal,29.69,77.0
Haryana,Kurukshetra,29.96,76.81
Haryana,Mahendragarh,28.06,76.11
Haryana,Nuh,27.99,77.04
Haryana,Palwal,28.05,77.32
Haryana,Panchkula,30.71,76.84
Haryana,Panipat,29.39,76.97
Haryana,Rewari,28.21,76.58
Haryana,Rohtak,28.89,76.58
Haryana,Sirsa,29.95,74.69
Haryana,Sonipat,29.0,76.99
Haryana,Yamunanagar,30.12,77.28
Himachal Pradesh,Bilaspur,31.33,76.76
Himachal Pradesh,Chamba,32.56,76.12
Himachal Pradesh,Hamirpur,31.69,76.51
Himachal Pradesh,Kangra,32.21,76.32
Himachal Pradesh,Kinnaur,31.79,78.49
Himachal Pradesh,Kullu,31.95,77.1
Himachal Pradesh,Lahaul And Spiti,32.57,77.02
Himachal Pradesh,Mandi,31.7,76.92
Himachal Pradesh,Shimla,31.08,77.13
Himachal Pradesh,Sirmaur,30.56,77.3
Himachal Pradesh,Solan,30.9,77.1
Himachal Pradesh,Una,31.46,76.26
Jammu and Kashmir,Anantnag,33.72,75.15
Jammu and Kashmir,Bandipora,34.41,74.64
Jammu and Kashmir,Baramulla,34.2,74.36
Jammu and Kashmir,Budgam,34.02,74.71
Jammu and Kashmir,Doda,33.14,75.54
Jammu and Kashmir,Ganderbal,34.2,74.77
Jammu and Kashmir,Jammu,32.76,74.92
Jammu and Kashmir,Kathua,32.58,75.61
Jammu and Kashmir,Kishtwar,33.31,75.76
Jammu and Kashmir,Kulgam,33.65,75.01
Jammu and Kashmir,Kupwara,34.54,74.23
Jammu and Kashmir,Poonch,33.7,74.24
Jammu and Kashmir,Pulwama,33.85,74.89
Jammu and Kashmir,Rajouri,33.26,74.34
Jammu and Kashmir,Ramban,33.33,75.19
Jammu and Kashmir,Reasi,33.2,74.86
Jammu and Kashmir,Samba,32.57,75.12
Jammu and Kashmir,Shopian,33.72,74.83
Jammu and Kashmir,Srinagar,34.07,74.79
Jammu and Kashmir,Udhampur,32.91,75.32
Jharkhand,Bokaro,23.64,86.15
Jharkhand,Chatra,24.1,84.86
Jharkhand,Deoghar,24.48,86.69
Jharkhand,Dhanbad,23.8,86.43
Jharkhand,Dumka,24.26,87.25
Jharkhand,East Singhbum,22.61,86.38
Jharkhand,Garhwa,24.05,83.65
Jharkhand,Giridih,24.33,86.15
Jharkhand,Godda,24.86,87.29
Jharkhand,Gumla,23.16,84.45
Jharkhand,Hazaribagh,23.99,85.36
Jharkhand,Jamtara,23.98,86.92
Jharkhand,Khunti,22.92,85.28
Jharkhand,Koderma,24.47,85.59
Jharkhand,Latehar,23.68,84.49
Jharkhand,Lohardaga,23.47,84.69
Jharkhand,Pakur,24.53,87.59
Jharkhand,Palamu,24.22,84.17
Jharkhand,Ramgarh,23.69,85.52
Jharkhand,Ranchi,23.33,85.32
Jharkhand,Sahebganj,25.03,87.69
Jharkhand,Saraikela Kharsawan,22.7,85.94
Jharkhand,Simdega,22.59,84.54
Jharkhand,West Singhbhum,22.54,85.8
Karnataka,Bagalkote,16.16,75.67
Karnataka,Ballari,15.34,76.8
Karnataka,Belagavi,15.86,74.51
Karnataka,Bengaluru Rural,13.18,77.33
Karnataka,Bengaluru South,12.72,77.31
Karnataka,Bengaluru Urban,12.94,77.55
Karnataka,Bidar,17.91,77.51
Karnataka,Chamarajanagar,11.92,76.94
Karnataka,Chikkaballapura,13.43,77.72
Karnataka,Chikkamagaluru,13.31,75.77
Karnataka,Chitradurga,14.22,76.4
Karnataka,Dakshina Kannada,12.86,74.83
Karnataka,Davanagere,14.47,75.9
Karnataka,Dharwad,15.45,75.0
Karnataka,Gadag,15.37,75.6
Karnataka,Hassan,13.0,76.1
Karnataka,Haveri,14.78,75.4
Karnataka,Kalaburagi,17.32,76.82
Karnataka,Kodagu,12.23,76.28
Karnataka,Kolar,13.13,78.18
Karnataka,Koppal,15.35,76.16
Karnataka,Mandya,12.52,76.89
Karnataka,Mysuru,12.19,76.61
Karnataka,Raichur,16.22,77.35
Karnataka,Shivamogga,13.93,75.56
Karnataka,Tumakuru,13.34,77.09
Karnataka,Udupi,13.33,74.74
Karnataka,Uttara Kannada,14.81,74.12
Karnataka,Vijayanagara,14.94,76.04
Karnataka,Vijayapura,16.81,75.89
Karnataka,Yadgir,16.75,77.13
Kerala,Alappuzha,9.47,76.33
Kerala,Ernakulam,9.98,76.31
Kerala,Idukki,9.84,76.94
Kerala,Kannur,11.86,75.37
Kerala,Kasaragod,12.5,74.99
Kerala,Kollam,8.88,76.61
Kerala,Kottayam,9.57,76.54
Kerala,Kozhikode,11.3,75.87
Kerala,Malappuram,11.1,76.15
Kerala,Palakkad,10.79,76.64
Kerala,Pathanamthitta,9.26,76.78
Kerala,Thiruvananthapuram,8.44,76.95
Kerala,Thrissur,10.49,76.27
Kerala,Wayanad,11.62,76.08
Ladakh,Kargil,34.24,76.21
Ladakh,Leh Ladakh,34.18,77.41
Lakshadweep,Lakshadweep District,10.33,72.92
Madhya Pradesh,Agar-Malwa,23.93,76.14
Madhya Pradesh,Alirajpur,22.31,74.35
Madhya Pradesh,Anuppur,23.11,81.7
Madhya Pradesh,Ashoknagar,24.57,77.73
Madhya Pradesh,Balaghat,21.81,80.18
Madhya Pradesh,Barwani,22.03,74.89
Madhya Pradesh,Betul,21.9,77.89
Madhya Pradesh,Bhind,26.56,78.78
Madhya Pradesh,Bhopal,23.24,77.41
Madhya Pradesh,Burhanpur,21.3,76.2
Madhya Pradesh,Chhatarpur,24.9,79.58
Madhya Pradesh,Chhindwara,22.05,78.92
Madhya Pradesh,Damoh,23.83,79.44
Madhya Pradesh,Datia,25.68,78.44
Madhya Pradesh,Dewas,22.96,76.04
Madhya Pradesh,Dhar,22.59,75.3
Madhya Pradesh,Dindori,22.94,81.07
Madhya Pradesh,Guna,24.64,77.3
Madhya Pradesh,Gwalior,26.21,78.18
Madhya Pradesh,Harda,22.34,77.09
Madhya Pradesh,Indore,22.7,75.83
Madhya Pradesh,Jabalpur,23.16,79.94
Madhya Pradesh,Jhabua,22.77,74.59
Madhya Pradesh,Katni,23.83,80.39
Madhya Pradesh,Khandwa (East Nimar),21.82,76.34
Madhya Pradesh,Khargone (West Nimar),21.83,75.62
Madhya Pradesh,MAUGANJ,24.71,81.93
Madhya Pradesh,Mandla,22.59,80.37
Madhya Pradesh,Mandsaur,24.06,75.07
Madhya Pradesh,Mandsaur,24.06,75.07
Madhya Pradesh,Morena,26.49,77.98
Madhya Pradesh,Narmadapuram,22.75,77.71
Madhya Pradesh,Narsimhapur,22.94,79.18
Madhya Pradesh,Neemuch,24.47,74.86
Madhya Pradesh,Niwari,25.31,78.66
Madhya Pradesh,Panna,24.71,80.18
Madhya Pradesh,Raisen,23.33,77.78
Madhya Pradesh,Rajgarh,24.0,76.72
Madhya Pradesh,Rajgarh,24.0,76.72
Madhya Pradesh,Ratlam,23.32,75.03
Madhya Pradesh,Rewa,24.54,81.3
Madhya Pradesh,Sagar,23.82,78.75
Madhya Pradesh,Satna,24.56,80.83
Madhya Pradesh,Sehore,23.19,77.08
Madhya Pradesh,Seoni,22.09,79.55
Madhya Pradesh,Shahdol,23.3,81.35
Madhya Pradesh,Shajapur,23.42,76.27
Madhya Pradesh,Sheopur,25.67,76.71
Madhya Pradesh,Shivpuri,25.42,77.65
Madhya Pradesh,Sidhi,24.41,81.88
Madhya Pradesh,Singrauli,24.06,82.62
Madhya Pradesh,Tikamgarh,24.77,78.83
Madhya Pradesh,Ujjain,23.18,75.78
Maharashtra,Ahilyanagar,19.16,74.85
Maharashtra,Akola,20.76,77.19
Maharashtra,Amravati,20.93,77.76
Maharashtra,Beed,18.99,75.9
Maharashtra,Bhandara,21.15,79.64
Maharashtra,Buldhana,20.56,76.4
Maharashtra,Chandrapur,19.96,79.29
Maharashtra,Chhatrapati Sambhajinagar,20.02,75.15
Maharashtra,Dharashiv,18.16,76.11
Maharashtra,Dhule,21.13,74.49
Maharashtra,Gadchiroli,20.17,79.97
Maharashtra,Gondia,21.45,80.19
Maharashtra,Hingoli,19.7,77.15
Maharashtra,Jalgaon,20.84,75.52
Maharashtra,Jalna,19.91,75.87
Maharashtra,Kolhapur,16.46,74.08
Maharashtra,Latur,18.35,76.75
Maharashtra,Mumbai,19.05,72.86
Maharashtra,Mumbai Suburban,19.13,72.88
Maharashtra,Nagpur,21.1,79.1
Maharashtra,Nanded,19.09,77.48
Maharashtra,Nandurbar,21.33,74.23
Maharashtra,Nashik,20.22,74.1
Maharashtra,Palghar,19.72,72.76
Maharashtra,Parbhani,19.29,76.6
Maharashtra,Pune,18.52,73.85
Maharashtra,Raigad,18.98,72.83
Maharashtra,Ratnagiri,16.98,73.29
Maharashtra,Sangli,17.17,74.58
Maharashtra,Satara,17.69,74.0
Maharashtra,Sindhudurg,16.09,73.7
Maharashtra,Solapur,17.84,75.27
Maharashtra,Thane,19.19,72.97
Maharashtra,Wardha,20.74,78.61
Maharashtra,Washim,20.12,77.13
Maharashtra,Yavatmal,20.06,78.35
Manipur,Bishnupur,24.52,93.8
Manipur,Chandel,24.17,94.0
Manipur,Churachandpur,24.3,93.67
Manipur,Imphal East,24.83,94.01
Manipur,Imphal West,24.75,93.86
Manipur,Kakching,24.41,93.88
Manipur,Kamjong,24.79,94.38
Manipur,Kangpokpi,25.0,93.89
Manipur,Pherzawl,24.37,93.25
Manipur,Senapati,25.28,94.03
Manipur,Tamenglong,25.06,93.54
Manipur,Tengnoupal,24.36,94.25
Manipur,Thoubal,24.62,94.01
Manipur,Ukhrul,25.31,94.47
Meghalaya,East Garo Hills,25.61,90.63
Meghalaya,East Jaintia Hills,25.25,92.48
Meghalaya,East Khasi Hills,25.56,91.88
Meghalaya,North Garo Hills,25.86,90.7
Meghalaya,Ri Bhoi,25.91,91.87
Meghalaya,South Garo Hills,25.52,90.18
Meghalaya,South West Garo Hills,25.52,90.18
Meghalaya,South West Khasi Hills,25.33,91.32
Meghalaya,West Garo Hills,25.52,90.18
Meghalaya,West Jaintia Hills,25.44,92.29
Meghalaya,West Khasi Hills,25.51,91.26
Mizoram,Aizawl,23.72,92.7
Mizoram,Champhai,23.54,93.34
Mizoram,Kolasib,24.23,92.67
Mizoram,Lawngtlai,22.74,93.05
Mizoram,Lunglei,22.95,92.63
Mizoram,Mamit,23.9,92.49
Mizoram,Serchhip,23.3,92.85
Mizoram,Siaha,22.48,92.97
Nagaland,Chumoukedima,25.8,93.71
Nagaland,Dimapur,25.9,93.73
Nagaland,Kiphire,25.88,94.78
Nagaland,Kohima,25.69,94.12
Nagaland,Longleng,26.49,94.8
Nagaland,Mokokchung,26.32,94.52
Nagaland,Mon,26.72,95.02
Nagaland,Noklak,26.11,95.01
Nagaland,Peren,25.53,93.73
Nagaland,Phek,25.7,94.46
Nagaland,Shamator,26.07,94.87
Nagaland,Tseminyu,25.92,94.2
Nagaland,Tuensang,26.25,94.75
Nagaland,Wokha,26.07,94.25
Nagaland,Zunheboto,26.0,94.52
Odisha,Anugola,20.64,85.59
Odisha,Balangir,20.6,83.16
Odisha,Balasore,21.49,86.93
Odisha,Bargarh,21.4,83.58
Odisha,Bhadrak,21.06,86.5
Odisha,Boudh,20.84,84.32
Odisha,Deogarh,20.83,85.09
Odisha,Dhenkanal,20.65,85.58
Odisha,Gajapati,18.77,84.09
Odisha,Ganjam,19.3,84.8
Odisha,Jagatsinghapur,20.25,86.17
Odisha,Jajpur,20.84,86.32
Odisha,Jharsuguda,21.88,84.04
Odisha,Kalahandi,19.9,83.16
Odisha,Kandhamal,20.48,84.22
Odisha,Kataka,20.46,85.87
Odisha,Kendrapada,20.54,86.52
Odisha,Kendujhar,21.62,85.59
Odisha,Khordha,20.16,85.61
Odisha,Koraput,18.88,82.56
Odisha,Malkangiri,18.33,81.87
Odisha,Mayurbhanj,21.95,86.73
Odisha,Nabarangpur,19.22,82.56
Odisha,Nayagarh,20.12,85.1
Odisha,Nuapada,20.79,82.53
Odisha,Puri,19.81,85.82
Odisha,Rayagada,19.22,83.42
Odisha,Sambalpur,21.47,83.97
Odisha,Sonepur,20.84,83.9
Odisha,Sundaragada,20.22,85.81
Puducherry,Karaikal,10.91,79.8
Puducherry,Puducherry,11.92,79.79
Punjab,Amritsar,31.76,74.83
Punjab,Barnala,32.06,75.39
Punjab,Bathinda,30.2,74.95
Punjab,Faridkot,30.6,74.79
Punjab,Fatehgarh Sahib,30.64,76.39
Punjab,Fazilka,30.31,74.12
Punjab,Ferozepur,30.82,75.15
Punjab,Gurdaspur,31.9,75.22
Punjab,Hoshiarpur,31.52,75.91
Punjab,Jalandhar,31.31,75.58
Punjab,Kapurthala,31.38,75.3
Punjab,Ludhiana,30.9,75.83
Punjab,Malerkotla,30.53,75.88
Punjab,Mansa,29.87,75.48
Punjab,Moga,30.82,75.15
Punjab,Pathankot,31.63,74.88
Punjab,Patiala,30.33,76.37
Punjab,Rupnagar,30.95,76.5
Punjab,S.A.S Nagar,30.68,76.72
Punjab,Sangrur,30.13,75.85
Punjab,Shahid Bhagat Singh Nagar,31.12,76.15
Punjab,Sri Muktsar Sahib,30.53,74.53
Punjab,Tarn Taran,31.4,74.94
Rajasthan,Ajmer,26.42,74.64
Rajasthan,Alwar,27.56,76.61
Rajasthan,Balotra,25.83,72.24
Rajasthan,Banswara,23.56,74.44
Rajasthan,Baran,25.07,76.49
Rajasthan,Barmer,25.75,71.39
Rajasthan,Beawar,26.42,74.64
Rajasthan,Bharatpur,27.22,77.5
Rajasthan,Bhilwara,25.37,74.63
Rajasthan,Bikaner,28.02,73.3
Rajasthan,Bundi,25.43,75.63
Rajasthan,Chittorgarh,24.86,74.61
Rajasthan,Churu,28.2,74.69
Rajasthan,Dausa,26.9,76.35
Rajasthan,Deeg,27.47,77.32
Rajasthan,Dholpur,26.69,77.9
Rajasthan,Dungarpur,23.85,73.71
Rajasthan,Ganganagar,29.46,73.58
Rajasthan,Hanumangarh,29.57,74.33
Rajasthan,Jaipur,26.92,75.79
Rajasthan,Jaisalmer,26.91,70.91
Rajasthan,Jalore,25.34,72.62
Rajasthan,Jhalawar,24.31,76.52
Rajasthan,Jhunjhunu,28.11,75.38
Rajasthan,Jodhpur,26.29,73.03
Rajasthan,Karauli,26.51,77.05
Rajasthan,Khairthal-Tijara,27.94,76.66
Rajasthan,Kota,25.2,75.85
Rajasthan,Kotputli-Behror,27.71,76.26
Rajasthan,Nagaur,27.19,73.72
Rajasthan,Pali,25.75,73.33
Rajasthan,Phalodi,27.07,72.58
Rajasthan,Pratapgarh,24.02,74.78
Rajasthan,Rajsamand,25.02,73.88
Rajasthan,Salumbar,24.18,73.94
Rajasthan,Sawai Madhopur,26.47,76.72
Rajasthan,Sikar,27.61,75.15
Rajasthan,Sirohi,24.81,72.83
Rajasthan,Tonk,26.17,75.78
Rajasthan,Udaipur,24.58,73.69
Sikkim,Mangan,27.49,88.53
Sikkim,Soreng,27.19,88.2
Tamil Nadu,Ariyalur,11.14,79.07
Tamil Nadu,Chengalpattu,12.69,79.97
Tamil Nadu,Chennai,13.02,80.26
Tamil Nadu,Coimbatore,11.01,76.95
Tamil Nadu,Cuddalore,11.74,79.75
Tamil Nadu,Dharmapuri,12.35,78.38
Tamil Nadu,Dindigul,10.39,77.96
Tamil Nadu,Erode,11.33,77.72
Tamil Nadu,Kallakurichi,11.74,78.96
Tamil Nadu,Kancheepuram,12.81,79.69
Tamil Nadu,Kanniyakumari,12.53,78.2
Tamil Nadu,Karur,11.05,77.92
Tamil Nadu,Krishnagiri,12.55,78.19
Tamil Nadu,Madurai,9.91,78.12
Tamil Nadu,Mayiladuthurai,11.09,79.62
Tamil Nadu,Nagapattinam,10.6,79.76
Tamil Nadu,Namakkal,11.25,78.12
Tamil Nadu,Perambalur,11.29,78.93
Tamil Nadu,Pudukkottai,10.2,78.53
Tamil Nadu,Ramanathapuram,10.75,79.82
Tamil Nadu,Salem,11.67,78.16
Tamil Nadu,Sivaganga,9.85,78.48
Tamil Nadu,Tenkasi,9.09,77.47
Tamil Nadu,Thanjavur,10.78,79.13
Tamil Nadu,The Nilgiris,11.4,76.7
Tamil Nadu,Theni,9.86,77.42
Tamil Nadu,Thiruvallur,13.14,79.9
Tamil Nadu,Thiruvarur,10.78,79.6
Tamil Nadu,Thoothukkudi,8.81,78.13
Tamil Nadu,Tiruchirappalli,10.78,78.69
Tamil Nadu,Tirunelveli,8.72,77.71
Tamil Nadu,Tirupathur,12.49,78.56
Tamil Nadu,Tiruppur,11.08,77.34
Tamil Nadu,Tiruvannamalai,12.27,79.07
Tamil Nadu,Vellore,12.93,79.15
Tamil Nadu,Viluppuram,11.93,79.48
Tamil Nadu,Virudhunagar,9.5,77.64
Telangana,Adilabad,19.1,78.34
Telangana,Bhadradri Kothagudem,17.71,80.57
Telangana,Hanumakonda,18.0,79.56
Telangana,Hyderabad,17.42,78.37
Telangana,Jagitial,18.79,78.92
Telangana,Jangoan,17.75,79.13
Telangana,Jayashankar Bhupalapally,18.51,79.96
Telangana,Jogulamba Gadwal,16.23,77.8
Telangana,Kamareddy,18.31,78.33
Telangana,Karimnagar,18.43,79.12
Telangana,Khammam,17.24,80.15
Telangana,Kumuram Bheem Asifabad,19.33,79.42
Telangana,Mahabubabad,17.71,80.04
Telangana,Mahabubnagar,16.73,77.99
Telangana,Mancherial,18.88,79.44
Telangana,Medak,17.93,78.21
Telangana,Medchal Malkajgiri,17.63,78.48
Telangana,Mulugu,18.31,80.34
Telangana,Nagarkurnool,16.48,78.31
Telangana,Nalgonda,17.04,79.26
Telangana,Narayanpet,16.7,77.61
Telangana,Nirmal,19.1,78.34
Telangana,Nizamabad,18.66,78.09
Telangana,Peddapalli,18.61,79.37
Telangana,Rajanna Sircilla,18.48,78.69
Telangana,Ranga Reddy,17.41,78.45
Telangana,Sangareddy,17.62,78.08
Telangana,Siddipet,18.03,78.87
Telangana,Suryapet,17.08,79.79
Telangana,Vikarabad,17.33,77.91
Telangana,Wanaparthy,16.36,78.06
Telangana,Warangal,18.0,79.56
Telangana,Yadadri Bhuvanagiri,17.42,79.09
Tripura,Dhalai,23.95,91.82
Tripura,Gomati,23.55,91.45
Tripura,Khowai,24.07,91.6
Tripura,North Tripura,24.38,92.15
Tripura,Sepahijala,23.66,91.32
Tripura,South Tripura,23.31,91.55
Tripura,Unakoti,24.3,92.03
Tripura,West Tripura,23.84,91.99
Uttar Pradesh,Agra,27.17,78.01
Uttar Pradesh,Aligarh,27.88,78.07
Uttar Pradesh,Ambedkar Nagar,27.87,79.91
Uttar Pradesh,Amethi,26.15,81.8
Uttar Pradesh,Amroha,28.86,78.46
Uttar Pradesh,Auraiya,26.46,79.5
Uttar Pradesh,Ayodhya,26.77,82.14
Uttar Pradesh,Azamgarh,26.08,83.19
Uttar Pradesh,Baghpat,28.94,77.21
Uttar Pradesh,Bahraich,27.57,81.6
Uttar Pradesh,Ballia,25.75,84.14
Uttar Pradesh,Balrampur,27.42,82.18
Uttar Pradesh,Banda,25.48,80.33
Uttar Pradesh,Bara Banki,26.9,81.21
Uttar Pradesh,Bareilly,28.36,79.41
Uttar Pradesh,Basti,26.79,82.74
Uttar Pradesh,Bhadohi,25.32,82.46
Uttar Pradesh,Bijnor,29.37,78.12
Uttar Pradesh,Budaun,28.02,79.12
Uttar Pradesh,Bulandshahr,28.42,77.78
Uttar Pradesh,Chandauli,25.25,83.27
Uttar Pradesh,Chitrakoot,25.2,80.91
Uttar Pradesh,Deoria,26.49,83.78
Uttar Pradesh,Etah,27.55,78.65
Uttar Pradesh,Etawah,26.78,79.0
Uttar Pradesh,Farrukhabad,27.38,79.6
Uttar Pradesh,Fatehpur,25.92,80.79
Uttar Pradesh,Firozabad,27.15,78.38
Uttar Pradesh,Gautam Buddha Nagar,28.57,77.33
Uttar Pradesh,Ghaziabad,28.66,77.42
Uttar Pradesh,Ghazipur,25.58,83.58
Uttar Pradesh,Gonda,27.14,81.96
Uttar Pradesh,Gorakhpur,26.74,83.36
Uttar Pradesh,Hamirpur,25.95,80.14
Uttar Pradesh,Hapur,28.71,77.89
Uttar Pradesh,Hardoi,27.39,80.13
Uttar Pradesh,Hathras,27.59,78.04
Uttar Pradesh,Jalaun,25.98,79.45
Uttar Pradesh,Jaunpur,25.75,82.69
Uttar Pradesh,Jhansi,25.43,78.57
Uttar Pradesh,Kannauj,26.99,79.69
Uttar Pradesh,Kanpur Dehat,26.37,79.95
Uttar Pradesh,Kanpur Nagar,26.44,80.26
Uttar Pradesh,Kasganj,27.96,78.59
Uttar Pradesh,Kaushambi,25.52,81.38
Uttar Pradesh,Kheri,27.94,80.78
Uttar Pradesh,Kushinagar,26.86,83.95
Uttar Pradesh,Lalitpur,24.69,78.41
Uttar Pradesh,Lucknow,26.85,80.92
Uttar Pradesh,Mahoba,25.29,79.88
Uttar Pradesh,Mahrajganj,27.14,83.53
Uttar Pradesh,Mainpuri,27.22,79.04
Uttar Pradesh,Mathura,27.49,77.68
Uttar Pradesh,Mau,25.94,83.56
Uttar Pradesh,Meerut,28.97,77.74
Uttar Pradesh,Mirzapur,25.15,82.57
Uttar Pradesh,Moradabad,28.84,78.76
Uttar Pradesh,Muzaffarnagar,29.47,77.69
Uttar Pradesh,Pilibhit,28.63,79.81
Uttar Pradesh,Pratapgarh,25.92,81.99
Uttar Pradesh,Prayagraj,25.43,81.82
Uttar Pradesh,Rae Bareli,26.22,81.23
Uttar Pradesh,Rampur,28.8,79.01
Uttar Pradesh,Saharanpur,29.95,77.55
Uttar Pradesh,Sambhal,28.42,78.55
Uttar Pradesh,Sant Kabir Nagar,26.77,83.05
Uttar Pradesh,Shahjahanpur,27.85,79.88
Uttar Pradesh,Shamli,29.48,77.29
Uttar Pradesh,Shrawasti,27.96,78.59
Uttar Pradesh,Siddharthnagar,27.27,83.07
Uttar Pradesh,Sitapur,27.56,80.68
Uttar Pradesh,Sonbhadra,24.68,83.06
Uttar Pradesh,Sultanpur,26.26,82.06
Uttar Pradesh,Unnao,26.56,80.61
Uttar Pradesh,Varanasi,25.34,82.99
Uttarakhand,Almora,29.59,79.65
Uttarakhand,Bageshwar,29.83,79.76
Uttarakhand,Chamoli,30.35,79.31
Uttarakhand,Champawat,29.33,80.09
Uttarakhand,Dehradun,30.33,77.93
Uttarakhand,Haridwar,29.95,78.16
Uttarakhand,Nainital,29.23,79.48
Uttarakhand,Pauri Garhwal,30.15,78.77
Uttarakhand,Pithoragarh,30.12,80.48
Uttarakhand,Rudraprayag,30.28,78.98
Uttarakhand,Tehri Garhwal,30.37,78.42
Uttarakhand,Udham Singh Nagar,28.99,79.4
Uttarakhand,Uttarkashi,30.72,78.44
West Bengal,Alipurduar,26.48,89.52
West Bengal,Bankura,23.06,87.32
West Bengal,Birbhum,24.18,87.79
West Bengal,Cooch Behar,26.32,89.44
West Bengal,Dakshin Dinajpur,25.22,88.77
West Bengal,Darjeeling,27.04,88.26
West Bengal,Hooghly,22.89,88.39
West Bengal,Howrah,22.58,88.33
West Bengal,Jalpaiguri,26.62,88.73
West Bengal,Jhargram,22.44,86.99
West Bengal,Kalimpong,27.07,88.47
West Bengal,Malda,24.99,88.14
West Bengal,Murshidabad,24.08,88.26
West Bengal,Nadia,23.4,88.49
West Bengal,North 24 Parganas,22.71,88.47
West Bengal,Paschim Bardhaman,23.69,86.95
West Bengal,Paschim Medinipur,22.42,87.32
West Bengal,Purba Bardhaman,23.23,87.86
West Bengal,Purba Medinipur,22.27,87.92
West Bengal,Purulia,23.34,86.35
West Bengal,South 24 Parganas,22.17,88.42
West Bengal,Uttar Dinajpur,25.65,88.15
